{"type":"FeatureCollection","features":[{"id":"110101","name":"东城区","geometry":{"type":"Polygon","coordinates":["@@AAgBMAE@@CD@@@@EB@@AA@@CC@BGC@@AG@CBM@@AI@@HC@@BC@@DE@@DKCIBFB@HfBAvCB@PG@BHA@@BB@ATJ@@BF@AJC@AXCB@bMA@HDB@DP@NCHB@XD@AED@BKB@@CD@@AV@@EJ@@EAB@KB@AA@AP@CDHB@EB@BAB@ACA@AB@ADCFBF@BAACCCAG@QI@CB@A@@@BE@B_BWLBN@@CE@@AB@@KH@@AD@@AC@@CIB@AC@DWCG"],"encodeOffsets":[[119239,40830]]},"properties":{"cp":[116.418757,39.917544],"name":"东城区","childNum":1}},{"id":"110102","geometry":{"type":"Polygon","coordinates":["@@@GNB@aDABWD@BIE@@AI@BSA@@AB@AGH@@ODABu£GAB@HI@@DCBOAOBIC@NB@BLB@AFF@AB@LX@@DC@BJCBBHAF@VAbE@@BA@CDJDLABA@BDADBFBHADBAF@HHBBC@IJ@VHAhT@BJZ@@GGA@CCABCA@@C"],"encodeOffsets":[[119181,40920]]},"properties":{"cp":[116.366794,39.915309],"name":"西城区","childNum":1}},{"id":"110105","geometry":{"type":"MultiPolygon","coordinates":[["@@D@DIVFDBBFA@@BA@AJF@AFDB@DLBVHEFDBCDB@DA@ADCL@H@@AJ@NCD@@DFBBAD@@AD@BFB@ABBDBDC@@DCB@JHBADBBABJDADDB@B@HF@BADGTC@AD@DCZ@HEJIHCVBJAJELKJEJJBA@CBCBBDAAAA@DECC@AIC@ADE`MFCHID@JEB@IFJ@BECCp[fCRIEGNGJFBAJIBG@EG@AEKA@ABELB@CBAAEDQB_DMMHKBCIFI@CG@BCAKGBACLQSDBAA@BECAF@@IC@BGCABAD@@AC@BCDAEKEAG@DC@IZ@BQI@@GIQBAD@BCFGAAD@[US@BGF@KKAKBEE@@KAA@BMB@EOBHHSAAFGD@FE@@CC@SBS@EDCAAIAAEDE@ABC@@ALEACE@@CE@@DK@AFUBAEE@BGC@@CMED@BAE@@AGAABCA@FC@AD@CE@@CG@AGUEIJKAAFQL@AABQCADBFDBGFACG@@FM@@BI@@BN@BJFBBBA@BDDCD@BD@DD@AAB@@DF@AHJB@BB@ADF@FCBBBCDABFDA@DD@@BD@BFI@CD@BA@@AGF@AC@MH@AA@@CCD@DA@@BA@@JD@@DA@DLCXD@@BJA@DD@@BC@@BG@@LA@@BF@@DM@KAAXA`F@@A@@@BDAJ@@RBJDB@D@BE@CAED@BBAB@BDA@ABA@@FGADCO@@BBBA@@LBA@FI@@FU@@BC@@DA@ALC@BFC@@WGAMDO@@CCABFB@ADDB@DHB@HY@@JI^sxHZBHBADGD@FBB","@@@B@@@HCCA@BDBHAHA@A@BBC\\IA@KA@AJA@GpARB@AFD@BGB@BAD]`D@FF@ALB@AH@BDIB@@ID@BKB@@CC@FYB@@AA@BWB@@@BKCEA@@BOABCFEE@BIC@@AGDC@AD"]],"encodeOffsets":[[[119185,41003],[119390,41009]]]},"properties":{"cp":[116.486409,39.921489],"name":"朝阳区","childNum":2}},{"id":"110106","geometry":{"type":"Polygon","coordinates":["@@BCBBDEBBRGVAHDH@LGDEBCDBDACHF@DCH@@JH@@FJ@@LB@FABBDAAD@BH@@DB@BBB@DALDP@@AD@BD@@SBAFFHB@AADH@BBEBFDJBBBZ@@KBAE@BEA@AKA@@MJDPAPBDA@CJ@@GBA~F@GEAJALD@CF@@CD@@AD@@GJ@@BN@DAH@@BD@AHD@@DB@@BA@@F@@C@@DF@NBhABBB@@CC@@IB@@AB@@CDC@DB@@BNGD@@BHE@BB@@ADCJ@AEC@@AC@@CCBAECBADAAEDE@BCA@@AIABGE@@CA@BBC@@CACC@CDACB@AAEAAIM@@EG@@EA@IFAIHC@CBA@AA@BGE@EB@AAB@BC@AKB@JDDEBCB@@DF@DC@AB@@CA@@CJ@@QCA@BK@@IA@@CqA@CB@BGB]MAA`KA@AKBALO@@AE@@LCHF@CLS@AJSBBBK@AIWACEG@@EAG@OG@MW@CG@CDCBCDDBADC@IZBBA@EAAFJDCDICCH[CSIC@AFCDE@@EIABFALDF@DAJONCNEBUBA@BCCAY@@IDEKIEABICA@CEAACAA@[AOKB@DG@EBACG@BDC@BDKBO@ACCOGKABCECBAAKA@BE@ADAABA@AC@CCCDCCABBDA@AAG@EEC@@AG@AFA@@GA@AHCBBDCDBBB@BA@FA@@AC@@BFLD@BA@AB@BBD@@BBA@BH@B@C@@BFBGBBDE@ABI@AB@AA@AB@HE@CBAEABM@BEGACB@EAFAAC@BAACI@AFACA@BHCLBBADBD@DA@@B@DADANBHDBADC@F@ARB@@FGFAA@EA@CHA@CAAB@DAFKDEDMBMHDF@DHDDARDANEJHFPDRIHBJDLADB@DBDNBPHLBLFTFNBFAFD@FD@PCFD"],"encodeOffsets":[[118956,40847]]},"properties":{"cp":[116.286968,39.863642],"name":"丰台区","childNum":1}},{"id":"110107","geometry":{"type":"Polygon","coordinates":["@@ACC@@BO@KCCBA@AAA@@CG@@ABCCBAAEBA@@KI@@EG@@IG@CDE@DGCBCAADCFKHG@KCUBMHAACFAACDKPKFABALKFEHENCDUFAB@HEJICADED@BGJDLB@B@JDEFBBEH@DDABDD@DL@BCB@BGDETJHbDNDFANJHIDCACBAHBJFBADODCNJBD@JJEFC@GCCBEAEBCDCF@@ELEHABGHCHIFCBCDA@CF@@EE@BIA@BA@AC@A@@AFCC@AC@@FAAAOA@CA@@KD@DCND@AD@R@HAJ@@BBDRABDJB@AAADCG@@A@AH@AeP@A@"],"encodeOffsets":[[119050,40855]]},"properties":{"cp":[116.195445,39.914601],"name":"石景山区","childNum":1}},{"id":"110108","geometry":{"type":"Polygon","coordinates":["@@@DDHFB@DDDLFBHNDBFDBBNHAFDDDDDJA@@HBFBDEB@BCDAHDFAHC^DDCF@BNh@bF@DCDH@AHCFANNDLF@HFF@F@BPCB@DHRBBMDG@KHEFAFFB@dMZ@A]A@@EE@DIEG@CHCNBJEDBBDCFBDJA@ABAACBA@C@CFA@CIABCDB@EPBBCAANYVHZmFDFCHB@CJDPMDBBAHFLBDGF@AJJ@AHF@BCDBADLBL@@FP@D@ACB@BAJ@FA@DBABGICBAEA@BAAABCA@GIADKD@@CJ@@EFBBAH@JAD@AC@EHCBCGAYAwGvH]ASS@BgUGI@@JADGA@GBECAGBEACACB@AABKBICDCB@@AF@Ba@UBEAGDAAID@@Cq@AAIAECFAAAG@BC@BGAEEAB@T{AYB@fG@@B@BH@CDBB@BIAACQBAC@AI@GBQ@C@@BMCCDC@@LB@@DPBBBEB@@BDD@ED@BB@D@@BABB@AJF@@FE@@DCBADEDGJGDAHGBKF@FE@CDADBFAFDD@HCDKF@IACMICDALCFIEGAABBDCDGJDB@DDBLDVDBFDDCB@DC@ADEDA@CBAFIDADC@GDEAGFCDQHI@KAC@@BMDQAIDE@ECUAGDC@GH@FADGN@DCDHN@FKHAD@FADGFCA@BCBEHCHCB"],"encodeOffsets":[[118835,41048]]},"properties":{"cp":[116.310316,39.956074],"name":"海淀区","childNum":1}},{"id":"110109","geometry":{"type":"Polygon","coordinates":["@@GCODC@@EECEBMASEKEKAOGMAAC@CCAKBICGAQJOCGEFIBMQCCBGC@CCEG@IBGA@AIAGDCEE@CCMAAB@HAHMBgSCB@B@FIHFPBFAJLFDDFLOB[KBC@@QABDBDC@MGMAEBCHEBG@_HCBGNBBPNLLRHAFDLINI@OESAI@CBOA[HWCIEEICCOIMAGCIAIFCBEAQVOFO@GLKDGBICe@CBEHKCCCWGACcOSACCO@C@GCK@OEEGMEAIECM@GCYCKMG@IGQ@ECIECGIIG]MGCEBA@AKIEOIEEIUAQ@CFGBIDEBOF@FCBKDGDIAGLSDE@CLADJFNV@HAJLDBLE@QJMBAFBFHDBFDBFHFDADSPEDCFGDC@EDGBADMH@FEFELQFE@CBGBEDMFADKBGFIBCCE@C@CAEB@DEFDH@DDHEDAFDJBHB@DHABFDDFHFNFD@BCH@EPBDEFEBAHFHDDJJDHBJDBF@BBP@THDFHBHHBD@BBBRJD@BFH@@DJLADLDDFTLVDH@BCB@FDLDBDDBBFCLDBBFF@HFF@BCFBBBDDDBBADGFAF@LBDHAFDHAFDA@NJHV@NEJDDADAH@DBJCL@DBCHFH@DTJFC@AbBHDFBF@FCFDD@FE@ADCLDTC@DABK@KFJ@LDLAPIJDLALFBBHDDDDBHJBF@DGFADHL@FBDFBJCFDFBJVLDHAHD@QFCXSBCHG`@LEB@NIBDCFXELBBBFCLDF@LIFABBHCFEh@FEFDLABBFELAFEDAFGHCNQD@DGDA@CBCEACEB@NCD@AAJG@DBFD@HB@AAE@GCCDGHGBEAABA@CBCLFF@@DFBPDLADBDANEFBDANC@CJATPFEHJLAHDD@DADGFGDA@ADBHEBC@EBCLG@EGMDC@CHMBC@EHGD@HCVBFDF@JCRBNC@AD@LBJ@JCDCD@DCHEFBHCD@BCJCBEDAB@FCBCD@@CDACCAEUCKCCA@CQKEBMCaCIGFSHC@ADA@ACKC@ACCB@CFGAAFEICA@A@CKHI@AFCBCJDFI@GBANCHADCFMFGLEBKBALENO"],"encodeOffsets":[[118956,40847]]},"properties":{"cp":[116.105381,39.937183],"name":"门头沟区","childNum":1}},{"id":"110111","geometry":{"type":"Polygon","coordinates":["@@NGNAFCLCBE@CBADBB@DGB@@FBBHE@EA@BQE@D@BCCAAGBMBC@C@AB@@CACBCAADKAGB@BDBEJ@BDABD@BBBE@FDAHBAFN@BABFDAF@@GBAB@@BBAJ@BAF@ACHAEA@AD@A@G@@AAB@AC@AAA@@BABC@EK@AD@@BB@@EABA@AADCACDABGB@@HB@BEH@@BD@FFH@BBB@ACBADDDCDDD@@BABBBBCF@@ALBBBDADFBAHLDPBDP@LAACD@ACH@BDFAH@@CLABP@\\BBBDFB@DDBAJFBLJCF@JZ@DBADB@ZABCDMPKBI@CEGDIAG@K@GDEAEBCAEDQCIBGAIGCAEEAACFI@EDCACBCEGBCCGIGECACGGBADACG@ECKS[@AHCBCIIDKKU@GCIH]AMBCAK@KFMBCBCAEHEAMGKYAAHA@@DE@@JCB@E@F@EA@@FAE@@@FA@@EC@@FE@@CE@@DK@@DOA@II@@@MCI@@BKABDCBCE@IA@@CA@@GC@@AA@@HA@CGAAGBAEA@G@EA@DQB@HIAEEO@@JIHBGED@E¿EGB@DCBC@AAEBBFA@DNA@@DIAIDC@AGB@@AG@AICAEA@BI@GABNE@CFA@BHA@@HGA@DKAADCA@GA@@QB@@ECEDEBAE@@EA@ABI@ACA@@GGB@CG@@EC@@FE@@DG@AFA@@JAACDE@@FI@@HE@ANCA@DCB@FKBAB@DKBCBE@CDAKCA@AAEFCAGNACCB@AEEIDACEB@CAG@DA@AGBAAABBBC@@BCAEBKABIBB@CBA@KK@DAA@AAD@CGGB@ESB@CA@@AK@AHGCKN@AE@@CC@@CGB@AAMC@CC[@@KGACGG@BKB@BCC@HABEIABAD@C@BED@@CFDFA@CC@@AFACCODK@SDBADA@AE@BD[BKAQHAAIDIBDCAAFCCC@@EFAFE@EACDCA@AACC@@@@B@@@DAB@BEDB@ADEDADEXGFB@BBCFABD@@DC@@AID@ACBCAADE@DABGEBD@E@@AC@DBC@D@A@AF@HA@FBID@BD@EJBBC@BAC@@BIDCCCBC@BBM@GBEDFB@D@BDBFAAB@H@@BDEBD@A@@DEA@BABBH@DABIL@LGJQFIFGLAABCAABCCGMGACG@@BG@CCG@A@AHIBEABCCCBAC@MBEHGBKEIAOBCCBAMCGCCIEBGAODBFBDKFCH@@EHODEJKJA@KCKG@C@CEEAABCMGKC@ABC@ACCE@BFEV@JDHJHHFAD@JCBDBADADDFADBDKB@DIBCJEFSBAAAEA@MBEDICAD@DBBBHDDBDRN@BIFBB@FDBAB@DFBDDABBBF@@BDBCBB@DBBBEDDDADCBGHE@FHBFCLALAHBFEFBFHF@FE@GFGBW@EEGHE@EBIHE@GDKDGL@FCFBLGDGCCHLDFLTHRGLBdRFJHDPEDB@CFADCFCJIDAB@NJlHB@DDHBPAHB@BJHDFJDAJFFR@VBFJJFFPLJ@BABDFNHH^JJDHJFFDR@JHH@LNZDHDN@FDBJNFFHPFL@HDD@P@DDTBdPBDXHDDLDFGDAf@JDHALCHKP@PERUFBDAJEJBHDNBPJDDFJJFXD\\GPBDAJ@TBPFJ@JMCKBEQGKKOMAAHMDA`GH@FADGFANBNHD@ACACRB@@AD\\LPAEKCCKEBIAEEOJG@IF@bRDBNABG@GBANBDDF@DFHCJB@BHBJA"],"encodeOffsets":[[118840,40803]]},"properties":{"cp":[116.139157,39.735535],"name":"房山区","childNum":1}},{"id":"110112","name":"通州区","geometry":{"type":"Polygon","coordinates":["@@@DGFDDA@@HD@AHUBC@@CGHAHEH@RDRANI@IB@BABM@AAGACBG@GAAAC@@DC@@FDDBFEFGA@FI@@EG@EDBNI@ALF@AFJ@@JIBE@MPANKA@DEFM@@CIAAEA@@DC@@CGA@CGAAGCCWA@DQAA@ACKA@JwBUGIDDDKDFFJCDFBNKD@RBBJCBBB@@FEAGB@BIBHJQB@JDPGHDFDCFIZAAJE@@DRBAFEAB@MAIRNFIJ@B@BCBDBCBJDCDHBCDADF@@DHB@BAPCFCBAHBBFB@DG@AFF@BDKF@BD@BAF@FCBBBJDBFCT@TAD@@DF@@EHCBETBGGPA@FNA@ABB@LF@AFBLLLE@AHT@\\VC@BBEHADC@ABJR@HJ@ARY@@JCDH@FBFLCBADD@@BC@ABDBAHD@@JE@DBAFB@ABTCKRBDHABLADH@@DEJDJLANGCNA`CRBFAB@DKAAF@BLBBFH@@FAHKLIEMHFHMHGB]BOHDDH@DJ@JJB@BLB@GH@@AD@@GJB@AD@BAH@ABFBFGD@ABNDJDDBBGHEHFBABCF@BGD@@CB@@BJBJ@BAJ@@ADA@GDBCNDB@AHBBCHBNHFLBADDNEBGF@AFJCBFF@@AHA@FD@@BF@@DL@@AF@@CBB@GF@@CD@DGX@NCCEBCJK@KAIOUAKEGIGAMBCJGdKDCBWAO@QAQFQ@UDGPKNEF@@NH@@HHBBQF@BEP@FAJOHIFBJIFCL@BGB@DKRC@ELCD@@BJA@FJ@DANKBEDAJEJADBBB@DKR@HBBLB@BDBNGHIJMF]AODCRKFCBCO@DIA@@AB@BCZCDABE@CCBGADMGA@BE@GFI@YAIIJMOGDCCA@AEBCJCCICBGEADELB@E@@@CD@@EB@@AB@DCCAFEGA@ED@@CH@@IIBSEBAEA@AKAM@@CC@AECCDCD@BCA@BCAKB@BGCAFAB@HICADCKCDEB@ABDBBATD@AD@JMIADISCBACAADGACBK@SGDCAAEFOAACC@@AU@AIDA@QACQCCABGC@E@ABAABCIE@BECFEECJGNMGABC@EG@CAICAFGDKA@AGCQABCYABCBCA@DIEB@KB@@AI@@AAA@AI@C@@FEFALGB@DIFEFOHEBEBAAEBAA@CKA@DI@@DC@AFE@"],"encodeOffsets":[[119527,40576]]},"properties":{"cp":[116.658603,39.902486],"name":"通州区","childNum":1}},{"id":"110113","geometry":{"type":"MultiPolygon","coordinates":[["@@BGD@HC@BD@AJF@EFADLBLmC@@AIA@ICIG@CCcVDDAFI@JEA@IFC@ILGFWHEFAB@BJD@BDDCFB@BBABvb@GB@BIB@@LJBD[AAB@B@BGAGACB@DD@G@@@A","@@D@@ADBBDAL@@A@AXB@@BA@EZD@@DA@ALC@@JA@CJ@ABGA@BKE@@E_CC^ABA@AHC@BEA@BQHguaA@AAAD@DABIIIFKLIFIBUAGDIJGFY@CDC@@BSDCHGBEFDDH@FDD@FBFAJDHFBLD@ALEJ@HCDC`EBCHBDH@DFHADPKD@BCBMACDJVDADJJLCF@NEJYRD`FHL@BBALCHBR@BJBLJJAD@FJBHB@@DJ@@EX@@AF@@FBBV@JLAHABCJHCLB@ABBH@BCJDL@FD@EACL@AGLA@BNAFC@DB@DBFIJ@@F@@HCACDA@EHEAIDAJDVCBDB@@PF@@BH@J@DEB@@BF@@AD@@ALB@DPB@BLAJB@CDEA@BGFCBIC@@C@EEGD@@EHB@FBB@AB@DI@BLANNB@JFCDDFHDDADD@LLAzzDCCGB@BBB@ACB@BBZG@ALGBB@@@CDAAAB@BBD@DDDACCFADFRH@FB@@HDABFB@BFA@@BBLB@BEFCBB@BHAFDJC@AHA@HB@AIDA@AN@FA@@@BGBND@B@D@DDFBJFB@BCHHFDDFBXBDCHKACHQDCX@@QFKDCAA@EACFEFABE@CJG@GDCDEDADKLABABAIAACC@@CJADCL@BIBCJCDDPCDF@FBBDBFFHADCBCFCAE@CAABAACBECCGDIADGDE@CDEDEAABADBBG@@BDF@JEBIG@@G@ADGH@@EL@@BJ@AENQHMLIGKAEEECG@MECLECKFIHEEMC@ACCANE@ACB@ADA@AJA@EDB@EG@FEBIM@FCD@DDBAF@CCD@CGAGC@CKKBCADCE@@BEBACGBAC@@AED@@OC@_S@N@@@GA@AHA@ECABBBE@@BF@@DEAADE@CFC@BGA@ADA@BCC@AGIA@AAACJAAAHK@@BMKSA@CCDMAEBIGIA@@E@MPIBDDOFAEcA@EQC@MC@@MBECB@CI@@DE@@DACOBEEUHBDS@EC@KCA@A@ECICEMDW@CHC@@DE@@HAA@DE@@BK@@CE@@AC@@EGB@BE@AEIDBEE@AHMFCCABEKMGGAADGA@BCADMCA@HCB@BI@ABI@IA@AA@@DC@AHE@ADABGEGFAHCAICMCBAC@EHEABAG@ABC@@BIA@HC@@BG@@HGA"]],"encodeOffsets":[[[119390,41009],[119403,41015]]]},"properties":{"cp":[116.653525,40.128936],"name":"顺义区","childNum":2}},{"id":"110114","geometry":{"type":"Polygon","coordinates":["@@@G@ACABCICBAAABCGA@IDA@CD@ACACBAA@AEC@@BC@ABEA@CC@MDI@@BG@K@CD@BCBA@DCCAFEUGKA@CCABEE@BIB@@AB@AEECSCCJG@IBG@ABEA@FI@@DC@CLJB@HDBBABB@AFBABJDAHAB@CEBI@ABA@BDC@O@@EK@KABCCAADE@BGI@BIE@CHKAGEABCAONIC@DGAEDECYnUGMZBBADOA@FCAADJB@DEB@D@DABBDAB@BIBACDEACCAIFMAGD@DFHCJF@@FB@B^Y@cNA@EEEBGF@LCHANQACGA@OD@A@EEE@GKEMCBMDEBGG@DC@CaEg@AME@CD]CGDEBGCCBADA@CFEAGA@@IBCCCCECGBAMCAAEMCAGKECC@CEACG@CC@GCKBGIEFSOIB@DMDCBEAMFCBCAKBOCEA@CE@KEAD@DABBBAFGHCHDD@HBF@BGAC@AE@CIHBBC@MDA@DFFBAD@DCBCHC@MRGDEHCBGFIBEFAAKBECEFg@EFGDAAEBKJE@KAEBBJGJ@BCB@BFBABABCACBAFFDFHDHDFKHLFBDTEL@DD@DBB@DFBBNDDF@HHEF@DDBCJB@B@FJFFBFLJBDADHAJCJBDBBJDDAD@BLJD@BBD@HFHBD@NCDBH@B@@DF@P@FBDDBFFDCBDFDABDB@BFFADB@DFFADCB@JF@EJ@DADB@@DD@FFD@B@HBEJC@CDA@CBE@EDBFALCBDBHBHFFBBBB@FFF@B@DCFADBBFF@DHD@BBHAFBLKBED@@IJQF@J@DBDHJ@DAJD@DD@BDAFC@ADJFABDD@DFDJ@FBHDF@B@@ABAD@FCFILBNCNDJA@ED@HG@EBAJMHAFBHADB@BF@HF@BCF@DCDBHADDFHFGBEAADDFFBCDABBBDDD@D@BADMCAAEBAJBDB@FFBADBBCFEDIDDJBDCBBFNDF@DFD@DADBF@DFFBBAFBFEHDBBH@BDBBDAFBJ@DDL@BBABDDBDDBB@FAJBJADCBCDEJFJ@DDHC@EBAHF@FDBABDBFBBADCD@DBH@DBXMNJBBABBBAD@DAFDFBAD@@AD@AED@AGHBFDVDPCF@BAFAJCFGD@LG@ADAD@FCJ@DEFCAAC@DAAAEBG@DAGE@INBBBHD@CFBLEEKCADEBA@CDAAC@CACBCCCC@@CLFJ@AFBBHBBAHDDCFBD@LGFDBAFAFBB@BCLCFCJBDBHCL@HHFCAEFGBCF@BABADCJE@AACEACIEAAECABAHABEACDCAABCAIDAFBBADDF@FCBBJE@ADAPABCHC@OHELEH@HBJA@AC@@CA@AGEIC@IBKIIAASFO@EM@EGC_ZQFI@MDEIKCICBIUDCNBDA@ALCCOGBCEG@ACDGFAD_DC@GFIBI@AC@AIEEKEEBEAC@ECG@CCDC"],"encodeOffsets":[[119263,41053]]},"properties":{"cp":[116.235906,40.218085],"name":"昌平区","childNum":1}},{"id":"110115","geometry":{"type":"Polygon","coordinates":["@@BAH@@CEAAABGDADEBO@AGA@CE@BCDCGADCICDACADA@A@AJIMEJQNBA@FBBEQA@CF@BIYBEJCDCEHGCO@IRAGIJA@AHAFB@EA@AAIDAA@QLCAMCEIDEELCCCJCVHxA@ILBBDB@RB@CXBDDBHHB@DHB@DD@@CB@BFJB@DN@FE@CLBBMNOF@JA@II@BEE@BKJ@AMFCH@@FJ@@EHBFEAECC@ED@@CD@BBHBH@DAHBBBN@BA@AJAJ@BMCQ@QFGBGHG@DD@VABGC@@GB@CCHE@CEA@CK@ACICCDEA@FIADMB@BEC@@@HEF@HCBEB@@BDAB@@CFA@@E@HA@AD@BEAFDE@F@@BICAAFA@BEAB@AEABAA@CBEA@AGA@@K@EBADA@CHC@ENIG@DG@@ACAAFA@@AA@@BSD@DI@E@AAGAA@BCEAAA@BG@@HA@BGEAAFE@AF@AGA@DE@@IMA@BIB@BE@@JG@@NG@AJGB@JK@@CE@BEGAB@CA@BC@AFBCADECADKDF@K@@GUB@AE@@GD@@CB@@ABAGADEC@BEA@BAIA@AIA@AGABAIA@AG@A@AFD@@DAFCABAEABA@@BEA@@GABIB@BIB@DE@@CEA@CEABEC@BGB@@EAACA@GL@DIOABCE@BEOABEC@@EC@@GA@BIIAEBIA@AC@@BG@@FOA@BQ@@BC@DID@BAAA@CB@DCBGEADEAA@BG@@@A@@AE@AA@CG@@GIA@DK@@CY@GABED@BECABEF@@EBEUEAFOAANDB@BA@@JC@ADS@@BM@DBABG@BE@UFA@AD@ACD@@CJ@BEHBJSG@CACOCB@CCABAA@BETDJHFME@@BCA@A@AD@BEB@@BJBABD@ADB@@BB@@BF@BAH@@GD@CBF@DE@KA@BIJOFB@CCEC@CA@GKA@AE@@AI@EESHUDIDQAGDGBGC]BK@@BI@@FAAUBAEIBADE@IBOHEFAFGDAD@FKHAHKH@DCFE@SDMBABBBC@AGE@GJM@OHEBAJCFCDOJADDFED@DFB@DDFABCABHC@BDBHCN@BADDBEFFDBDABE@CLK@DF@DOEA@CDIVHLBNGFBFADADEN@LBLADBNG^DJ@HLVCLJJADGD@BT\\DL@FDHCBABHHBDFDJHDHADFHADBDCD@FEJBDFBBFHDBJAHDJCRBFADBDCH@VJB@FF@DCBED@TJ\\DDGJDDCICBEFBB@AAHSA@DED@BCCADCDADCH@@DNXH@@PBH@FH@DFXBBJL@AATABIT@DKE@DG@KF@@BP@BKLA@BLBB_NBA^AHA@@DrB@DB@@JL@@ADB@RI@@DB@@DA@@BCDE@@CA@ADCFICA@BLD@@ABA@BFAF@AHB@@BAB@DGDBJJEB@@FH@@DJ@@AN@@EH@BDHECAAEBCRDBA@BRKBELBJIVFBHH@@DF@@DBCD@@EDBBAHB@BF@ABC@NF@DD@AHF@BFVA@CNA@C"],"encodeOffsets":[[119332,40781]]},"properties":{"cp":[116.338033,39.728908],"name":"大兴区","childNum":1}},{"id":"110116","geometry":{"type":"Polygon","coordinates":["@@A@@BABGBDBFF@DBDA@ADFDBDEJBDEBF@@DDCFBDF@D@BCF@FED@FADDDADCBDD@DDDADDBAFHD@FDCDB@DBDBDBBFFKDCFIJAF@DCB@FLDNAJLH@DHD@LJJAFBLCLDFABAVFL@FCHBHCHCACFGAACBDCCA@CD@@ADAD@DAJBEA@AB@BGEB@CDCF@AADBBCDADDA@BBFBABJB@DJDF@DAHDDAB@DCD@JCN@PHP@AAD@@AHB@DDDAD@BBBPCFCTALBBAD@BCHARDP@HJFBDDD@@LMJCFEBAFKFAFABAFK@IEIAEBCACBADA@EDG@CBEHLLHLFDDDHDBHHJ@FRBFBDHBDLDDJ@DDFH@FHBFJDCFFEDBBFHJDBAJJF@DABA@DDEFB@ADBFD@BDADDB@DBB@DBD@DHDPCJBB@D@DDFADAFAFDDH@JSBABC@GFC@ADE@@DAD@BIDAHIFG@@GA@ADG@@BE@@FQDDD@DEBAF@FGBKBADGGABE@GDEAABE@GJLZHBHHH@DBBDCDAFBDFBDFEJAFDB@BF@BDBDBDATDBBFDDODCDEB@HB@@LCJICGHKDCDADEFCAEBGAEDE@BDKPBLCD@LEDG@CBBDABGFKFADBB@FABCBAJUDG@KHADKDCDABANCDCJEFMJCH@FGBIBADEDEHEBIHAHCDCBADMFIFCFC@EH@DCDKF@DBH@DARHFDJDDLFDDT@DHFB@DLBLGDEDAAEDEFCBKLOJEBEDEL@RKLFJANDLIXBDBTADADET@@DDDDFCDBDENALILALKBBJMRAHMHDHDJDDCLDD@FDD@HB@DBLFFCBAHADCBAFBFDD@FDPIF@PCH@HAH@FFBHJAFBLHDFNDJEP@HBDJD@LCJGBAHCHGFAFEF@PC^PDH@HDPED@DDJ@DDD@DFF@FBDCDBB@J@BABEHGB@D@FBHBBDH@FCBRDLLLABBHEFDHABAD@HCDE@CHCJELADBHGLAFDHBDGAEHGBEAEBEFGGMEACADEACIICAAA@KA@BIAGFEGCAECCAILKHC@IDABIACHAHKJEBIJCJBAEFEF@JCIKCICC@GH@NG@CDA@EHEL@DCDBHEF@HEJ@HAAG@GBAFANFFIJ@FABEJIHABELEBEAGDA@ABCFAAKBEDAD@FFDFDBP@BCDC@CDAD@HBHABBHEP@BENALM@AACLCFCH@D@BEHCDEAABEAGACDAHABACACCEAC@@BGBCECCEA@BC@ECBABA@EDABCMCABCAAEKAAGAASECBA@CCBABCBGD@BEE@BCCA@AECCECCE@E@EACDI@GAEEM@OFABEBAFGFCIAABCBCDKDC@GDADKAOBCAC@C@EECBCAC@CAECAG@ABEAEFIAIHMACEKCAGIAMGKAGC@CACC@IE@CE@CE@ABC@A@CACBEECCEFSAAAMDEEA@CAAMG@AACBCHCA@BE@EC@EBCCAADED@BEFADEBCEGDCD@DA@CEEFEECHIACBCDABSICAECCO@EDECCBK@KCACFGQBCAE@@ABAC@CCBCBADB@DFBJ@DDCGFCDA@@R@VGDCCCBEHI@AFCFAJIIEAKC@EACEGC@ECK@EBCAA@CIEAEBCFABCNGKBEDC@@KDCA@BCAGBCFDDGHCDEFAPAABBBDBHCAA@E@@ABC@DCCABEAAHA@CD@BEGCHAACGFIBDEF@BEBAAUFKPDF@ECNEBBB@AA@AWII@AGGA@CAAEAGFCABAF@@CACB@MGDA@AD@@HF@@GACB@CEDAAAHAEEKGAGHCHEL@CMRAAIF@CSA@@CC@AIP@@E@AZHBKNDD@BAA@JA@GD@AEH@@CJ@E@@CHIACJ@@ABB@CA@@BSIKOEBQUAAB@EGA@EG@ByyKB@KCCCBGCCEDCIEA@MMKB@ACJA@@BAA@EGA@FC@FH@F@DD@AJEDAHB@CF@DIAKB@AOA@CKA@BC@@BE@@AA@CFI@G@@AE@@OA@ACUDICCBBJGF@FCBBDGD@EI@EJCAA@@CEDMB@AKBBHK@BD@FECK@ICADG@AA@BKAGDDIBABGIKU@AA@EE@@BW@@FE@@BIBGAG@KFGF@PGDADOBCB@BIFAAEDE@CCABEACBBJADBBCDBDAFGBABDBBFFBDJFBBD@BIFCDABABE@ADEHBFEDGGK@GDCAIAEDKDADA@EAEBABECKHC@EACDGCABGAAABEI@KE@DD@DDADBD@DBDCB@DABCFDBFLKFEA@DGCAAMA@JHFCBH@FABBCBD@BBEDCFI@EDC@CB@BKHC@EHIDEBABE@ODUCECGABHC@BFC@@BC@AB@A"],"encodeOffsets":[[119081,41362]]},"properties":{"cp":[116.637122,40.324272],"name":"怀柔区","childNum":1}},{"id":"110117","geometry":{"type":"Polygon","coordinates":["@@@GDEH@DDFADBLABEFABCDIF@DAAEBA@EDKBEHGACDAL@DAHABAAEAACEDEAE@CFGAKVKF@DEHE@EBA@CAA@CAA@EDCBEPBBCJBDBF@DFBA@FF@@@H@FBDFFBFG@GDI@ODEAEDC@CFECSFGDK@CF@FEBEHBLFL@DBFCDBDCFAD@HEJBDCBA@CBCKAK@CCE@B@AADCAIF@@CBCD@BBD@DCHA@AEAEBICBB@BABAACE@CBA@ABCF@B@@AAAACBEH@BDDBDA@AJHDCD@FEFAAACA@CGBIGICFCAAO@ABCACDDGAACBEFC@E@AACA@AAA@BAB@CE@BDD@CBBBCB@CCA@AB@@AAAEDA@G@C@ACDA@CJI@EFGAAC@AAIGCCH@B@CCCAAAN@AGACADC@EICAEAIBCAMA@FCBC@EHIEGBABCAIC@IAAAECEKG@EA@CBC@EDG@CACEC@AEEABIEEGBADCFMDIA@DC@@BGBGGGBGCCGMGAGGCBCACKDM@@KFC@AAADAGACCC@GE@EJ@ACCC@EIACCABBDIBCDAHCH@BBBIF@A@AGEBCHC@ACA@EGC@BIB@BC@ABEBID@AEBIDHEGKQGI@GCG@MDEFKHCCEDOAEDBBECDFEBEAAAW@@KC@AGC@@HQAC@BGMABAE@ACKB@CEB@ID@ACCA@AMAABICKMKGDII@BGE@AFEA@AG@@DE@@CUA@FOHMDO@MCCDBB@HD@@BA@CHGAAHC@@PC@BF@@BDHABDFA@AF@CDDBLADLD@BHDHC@DDE@ABCCC@EDN@AJEFH@@FCA@FIB@BCB@BDA@BMFDBBDD@FNGFEJDLKFFD@NDHFFBFHLKJGNMRBFI@@AK@@FG@CH@B@HH@@HEFEBE@@CA@AHCAABBBCFCF@DCFCF@BJBHCDDAFBDABBB@DBFEDADCBDFJ@BBB@DBBDJBDAFEF@LJ@BFBBBJHBDBFGFEDOCEFGDEDADJJB@HHDB@DJFFBDDAFHFH@JFP@ABD@CDDBBABDBCBBF@D@BDD@@HC@@DBBDDDBBFFBAHCDAD@JFBDLFBBHDBDDDFLBJADBH@BDJ@F@BBFAFGHBD@FHFDN@@DHFD@NDFDBDHBBFFDHBDCNCBCDADBFADBLBFFF@DDRDBDD@DF@DNB@FDC@BB@ADB@VEDBBDDAJDDAFDABH@RAH@NEN@NHHCD@"],"encodeOffsets":[[120038,41345]]},"properties":{"cp":[117.112335,40.144783],"name":"平谷区","childNum":1}},{"id":"110228","geometry":{"type":"Polygon","coordinates":["@@DENABAAIAABGAG@ACDC@BEF@HGL@bEHA@AEC@ALYCEE@@AFK@CJ@HEBAJABE@IBCRKH@BCHA@CFAHGCI@@FABCPABCDAPBFEZGFCNALDBAP@HEHFBFJBFDVAFDL@FALBHCJFJAPFBBNBFBF@FBBABEFC@ABCJBF@H@HCF@FCH@NDHCLADDD@DDFAD@PKHBBFBBDCPBHCLBFAD@FEN@BC^KDGNG^FFDD@NIJKJCBAACBAFAJEvCF@DAFBLDJBFDD@BBAFDDFDBDdBJDFBHFNALFFDJADBF@ZFHAJBFCJ@NGHFFC@EDEH@DBL@@AJ@PEHBDBD@DBJBBDFCVEHEBADANIJG@IGAOCFKEECCBC@EAAS@IEADM@EJBHGBAFGD@AE@EDDB@BA@Q@IABANC@AEBCCDIA@ACBEAIGCBC@AMBACCAO@BDEBFBGFBDADBBCBC@GEAKHI@IAAGCEKCA@CCEDGFCBGFCAEFQFAHA@GQMGBCBCACDG@GFCCAEOEEEAEC@ABE@CDG@CD@DE@ABBBE@@DEBAFG@KD@BE@CDADCCCBE@MECCIAGFMC@BABE@AAC@IGCAACGCACCBGCMAOIE@CBIAGCKIECC@CCEA@CBA@C@ACAAAJGDIBGFEFKFCAGE@IDOEEFIDCAACE@GEIBMDICAID@KM@GHCJ@VYCE@EDEHEJAAGA@CCFKHCH@FELC@ILEJAB@ECEGMIAEGAEICBCEKEBEBA@EDGCEBEFEBGG@AGOGAE@AACBAEGC@GDMGM@MFG@QBG@BAECCBICCBACCAUFA@BCA@@ACD@EMA@CCEC@ACQCCCE@EEKACAEBCACBADMDCDGAECAEGAACECMCC@GE@CM@ECEGC@GAEHEBAAE@I@ACG@CAIBKACECCCAAGEACKEA@IBCDCBGEAAECACCAA@CD@@GC@ACC@E@AAADACABCADCC@BAO@IEG@GEBECCEAIE@CCAGGA@IIBCFCHCFEPDJEDCCIIGAAEA@AKIE@EFM@ACEACAG@CCGBEECAAA@ECEODCCIDADAJK@CDIB@DD@BDJBABABKBCLCBCFCD@HIH@DAFEBEFBD@FBBCDEL@RW@CDGRBDGLCDWAEACCGEDG@AEAAICE@C@C@AMCHA@A@@EBM@@BCBBJA@@GGB@BIDECGB@AAAEDAFA@AK@AB@AEA@AECB@GA@@EQGCEEBDDCBCCC@AAA@BBCB@D@@AAKH@BYHAAA@BDA@AAA@DHCBFHB@FHA@BBRVFALPTJ@AB@@DK@BDGJ@DF@I@@DG@BFC@@HIBB@ABC@MCALYG@B@FO@BJD@@DB@DTE@BJQBDNK@GFGDBHLHFFGBBBCBDFA@BD@HE@@GC@@BCBNHA@BD@DE@ABDBHEFBBB@DHBBHJ@XJ@BBBA@AAMFFDE@OCELBVABAFE@CFJAHEBDGBHDAFC@@DGBBBAFDBCDD@BA@@@FBBGDCAAABAOBEBCFGDCHECADBHADB@CD@LD@FCLAMHADEBADBFJF@DBBAD@FDL@FHDDFFBD@BLJFIJEBED@BGJAFDDCDCBEBKDQ@@@CBEDDHCCI@EA@CCAABABDFD@AB@BF@DBRAEHBDLDL@DAFDFCP@DDBFJDATCBADBDGJFDEFFF@DCBC@CDFHADCFEBAFC@CFBBDDFAD@@FAFB@GDADBD@BNHBB@DFBCFBNBBETDFFDAFBD@D@BAFBFH@@DJFD@BD@DBBFBLBNHJBBHLDDFNBJGJBFEFBBAH@DBBF@DBDADFD@F@DBDADBPCLCB@HCDCLADADBBDJHEBEFABAPEN@FFHBJ@DCFBF@F@DDDFFD@BDBADF@AFC@AHADABDDB@DATFBBBHLBBFDBBANDADCB@FCDFDD@@AFBDDDFHA@AD@FBFF"],"encodeOffsets":[[119693,41781]]},"properties":{"cp":[116.843352,40.377362],"name":"密云县","childNum":1}},{"id":"110229","geometry":{"type":"Polygon","coordinates":["@@F@FCHBFADBFEBCDCLCHGJDDI@KA@@GFADCPCCCAECABSACACACE@@ACABEFICEEAACBEDCACCAG@GGGACKEG@AACBCFEF@BAFBHCF@BAHHBCNABAD@AEDEFA@CCCRC@EF@@AH@BC@@BHH@JEBGJC@ABC@CF@BCD@HED@BATA@ICGECEBCBEBCCC@A@IAODGC@CAC@CAA@CCABCACC@AEBCA@FECCB@BA@CIEBICAGIAECAEFDEICAEEGG@CE@CCIKCACCGEAQA@EGIAGGCCCECGKKKFGDAH@FCB@BCDADBFAJBJFL@BEBABELEBEFADENI@KC@CCEAGIO@QCGBADC@ABKASBEDODAA@ABCCC@CGA@BC@BBO@OGM@IDC@CDA@CBGCCBE@IC@CIABAEAAAB@CCCBADCABBE@CD@DFAAHA@@BFBIACBC@CB@BC@@DDBCDDABBEHBDGDGDGAEDK@UEABEBKCKDEAIBKIC@CGG@IKMBIAAA@EDA@CBEJIDELCEEAAACAC@CCACD@EGCBECABCCC@CCCDABCCCBC@EFC@EDE@A@CCEEACD@CE@FAACFIACECBCB@AC@CEECAHABA@AB@ACBE@CBCAABAAAMIWNCAG@CAC@EFICBACA@EGEAB@FGDCCI@IECFADCDIBIAEBA@CAACCCBAAAK@CCI@EACBAAACG@AAGCEFEAABEACEE@CACBC@CEE@MCAEDAACCIJCFCDEAABCEA@ECAIAABBFDBCNABC@C@CCAABADCEACEBCFBHAGECEBCAGDC@CDE@AGEE@@AEAEBEAGBINAB@FGHC@@FIBMCMDKAEJEDC@AB@B@@G@GCEAI@CCACCCBAIEBCD@BEACA@ACCAEACBI@CGMAE@AFADEH@JC@AFCBEHABEAGBAAC@CGE@AECAEBCDA@E@EEA@AAEAGEGACADABKAEFCF@DAB@DCD@FIGAA@C@EEC@@CA@BC@CFIE@@IDABCEE@CCAEBAEA@AAC@CECBCFC@CJBBID@FGD@DCFBBADGA@FABBB@FGHAFA@@BDDBB@DBDMDAHEBADEBEA@BGH@BHDBDCDCBAFAFFFGLAHAB@DMDCDaCCDKA@BC@@DIA@DC@@BGC@@EBICCD@BD@@DCCE@ABF@@BG@@@H@GBH@@DE@@BF@@BG@HB@HA@@E@JI@@DMA@AC@CBA@@DEAAHE@AHC@@BB@FBAFO@EJCBGF@ACFA@@AC@CDEA@@BBC@@BBB@BFB@@ADBBADFACFB@CFBBD@FC@BA@ADDFD@@BABGCE@EF@HDHDBFF@HADDHHF@FGDGAKJGBgAAAAEMRJPADFBBHJPJJD@@FEFBDDBHAJDBBBDHJJBDHPJLFJ@HELBLCF@LDDHAJDF@FBDDPDHVFJBFDFCLADBH@HBDBBFJADBLADBFAHFDHDDBDJFHHDBBDDDDAR@RGNBHCNAHCDBJ@HCH@HC@CCENB@ADIDMHIBIFABBL@DBFABD@D@BRABHDDD@FJHF@BCBBBFBHHB@DDBCDDBC@ECEDCHFBBBARDLHPBJFL@HBBBBLDDTJFFTFB@BEF@^BFBBBCFONALABDDLDDDJBBDFFFJB@ABFFD@LADANCTAFB@FFLBLFH@FDH@JCDBDHFDJ@DFF@DJDADLJBHLDPL@DAD@FH@DDFCJFDD@JFHVLADEBBF@F@B@DJH@JAFJDDFHBDFLCDCF@@CDABCF@BEDCFA@KBCFE@ED@DCHFD@FAHBHIJELAHGDB@FCF@FAFJLHDD@DBL@HBFAL@BAJBNELBFDNCFBR@FBBDH@HDDDJAHDDAHDNEDQL@FCNBLAFDH@REHFHBHD"],"encodeOffsets":[[119261,41752]]},"properties":{"cp":[115.985006,40.465325],"name":"延庆县","childNum":1}}],"UTF8Encoding":true}